[
  {
    "name" : "Челюсти",
    "genre": "ужасы"
  },
  {
    "name" : "Челюсти 2",
    "genre": "ужасы"
  },
  {
    "name" : "Челюсти 3",
    "genre": "ужасы"
  },
  {
    "name" : "Челюсти 4",
    "genre": "ужасы"
  },
  {
    "name" : "Челюсти 5",
    "genre": "ужасы"
  },
  {
    "name" : "Очень страшное кино",
    "genre": "комедия"
  },
  {
    "name" : "Очень страшное кино 2",
    "genre": "комедия"
  },
  {
    "name" : "Очень страшное кино 3",
    "genre": "комедия"
  },
  {
    "name" : "Очень страшное кино 4",
    "genre": "комедия"
  },
  {
    "name" : "Очень страшное кино 5",
    "genre": "комедия"
  },
  {
    "name" : "Очень страшное кино 6",
    "genre": "комедия"
  }
]